style_id,dwell_mean,dwell_std,dwell_min,dwell_max,flight_mean,flight_std,flight_min,flight_max,duration
average_rhythmic,102.57016666664276,8.42589264146795,93.1710000000894,118.02700000000186,156.77420000005515,4.527262457635525,152.4790000000503,164.87000000011176,1399.2920000001322
average_rhythmic,100.83133333335475,4.165865803020707,97.39199999999255,107.38199999998324,160.05459999996236,5.993641984663567,152.36999999987893,169.06199999991804,1405.2609999999404
average_rhythmic,99.6158333333442,2.2745180747273896,96.41200000001118,103.68900000001304,158.67739999997428,6.218925135411583,152.04000000003725,168.68299999996088,1391.0819999999367
average_rhythmic,100.63116666662972,3.664933851886458,95.97999999998137,106.18599999998696,158.9066000000108,6.336557159798293,147.9320000000298,166.53599999984726,1398.3199999998324
average_rhythmic,100.45433333337617,3.9110823594943063,93.70999999996275,105.74500000011176,162.26919999998063,3.9173072077928497,154.96999999997206,166.81600000010803,1414.0720000001602
average_rhythmic,99.41333333336904,4.805239836771477,92.16899999999441,108.36800000001676,161.61599999996832,5.524065061188821,156.5109999999404,172.2600000000093,1404.5600000000559
average_rhythmic,98.35166666664493,1.7713025025981424,96.41200000001118,101.4680000001099,164.7532000000123,4.3965216887862635,157.19999999995343,169.52799999993294,1413.875999999931
average_rhythmic,98.39533333336779,3.0196900870772767,93.24500000011176,102.63199999998324,159.05779999997466,9.153518370582464,147.76799999992363,175.3200000000652,1385.66100000008
average_rhythmic,96.82949999999255,2.95513043979121,92.19700000016019,100.99499999987893,158.87560000000522,13.075336670206193,142.8310000000056,178.58599999989383,1375.3549999999814
average_rhythmic,98.2351666666412,2.354707583870762,95.02700000000186,102.74399999994785,161.80460000000895,5.152222728108681,157.44999999995343,170.80000000004657,1398.433999999892
average_rhythmic,100.07316666666884,2.847779685864821,96.21799999987707,104.27399999997579,157.61879999996162,5.111406593139003,152.7369999999646,166.87400000006892,1388.5329999998212
average_rhythmic,102.81316666673713,5.275295929027063,95.28800000017509,111.51900000008754,157.04399999994786,6.728115070370615,146.16599999996834,166.6820000000298,1402.099000000162
average_rhythmic,99.60916666671012,4.940137495297825,89.9660000000149,106.1610000000801,165.14159999997355,5.5724705329048865,159.98099999991246,173.82700000004843,1423.3630000001285
average_rhythmic,102.56516666667692,5.2428530533711655,93.36799999978393,109.31999999983236,159.00299999997952,13.430772144545784,139.80400000000373,176.54999999981374,1410.405999999959
average_rhythmic,100.47833333335196,4.072271056214313,95.12000000011176,107.48999999999069,160.49099999996832,7.431995828781867,150.25699999998324,170.6889999997802,1405.3249999999534
average_rhythmic,106.6524999999674,2.661790484463117,102.65900000021793,111.72900000005029,158.95120000001043,3.9485531730065775,152.127000000095,164.26800000015646,1434.6709999998566
average_rhythmic,102.01249999999224,3.998980067916856,96.94699999992736,108.13500000000931,156.94499999997205,5.628192996011692,148.9639999999199,164.1350000000093,1396.7999999998137
average_rhythmic,100.91383333337338,4.747644237494883,95.35400000005029,106.88000000012107,161.5829999999609,8.20525161091517,153.66800000006333,177.1549999997951,1413.3980000000447
average_rhythmic,96.3070000000298,3.70596231317989,90.72799999988638,101.76799999992363,160.56539999996312,10.126650672381253,150.2390000000596,179.07700000004843,1380.6689999999944
average_rhythmic,97.9770000000135,2.6569535813084393,92.69500000006519,100.61899999994785,160.32900000000373,6.330669000974771,153.920999999973,171.71799999999348,1389.5070000000997
average_rhythmic,101.4696666666229,3.7651760325139483,94.33499999996275,106.42700000014156,161.25240000002086,12.705756515862092,144.54300000006333,181.07700000004843,1415.0799999998417
average_rhythmic,98.10099999994661,3.4314078257958083,91.76899999985471,101.38000000012107,155.75880000004545,9.848378006554235,142.16800000006333,170.32900000014342,1367.3999999999069
average_rhythmic,99.64683333334203,2.2818515447280276,96.48400000017136,102.33700000005774,164.13840000000783,7.855641784117842,150.08799999998882,173.88400000007823,1418.5730000000913
average_rhythmic,99.1461666667213,5.846882543042783,91.6929999999702,109.82400000002235,162.4013999999501,7.318113051876782,153.89899999997579,173.50099999993108,1406.8840000000782
average_rhythmic,100.33133333335475,3.8835030864022073,95.1589999999851,107.02799999993294,157.43139999997803,10.82860306035565,139.5570000000298,171.59399999980815,1389.1450000000186
average_rhythmic,97.03733333336034,7.877725806961587,85.91599999996834,109.54000000003725,161.59459999995306,4.435603571115222,155.59799999999814,168.92599999997765,1390.1969999999274
average_rhythmic,98.46516666666139,3.8353501977305116,92.97799999988638,104.74699999997392,159.38840000000783,6.2369714637647755,155.00099999993108,171.77399999997579,1387.7330000000075
average_rhythmic,98.75633333338192,5.625364185763533,87.80400000000373,103.90800000005402,159.56439999996218,11.296403208110084,141.27899999998044,174.50500000000466,1390.3600000001024
average_rhythmic,101.57883333333302,3.8307249713048117,93.17999999993481,104.63299999991432,160.84079999998212,8.344370926564848,151.1459999999497,174.63199999998324,1413.6769999999087
average_rhythmic,100.49883333329733,3.443092961118723,93.88299999991432,104.89399999985471,163.2626000000164,7.434546565850972,153.95400000014342,170.04000000003725,1419.305999999866
average_rhythmic,97.40833333332557,5.267348183859947,89.26599999982864,104.06900000013411,163.20800000000744,8.795560380133622,151.68399999989197,176.6350000000093,1400.4899999999907
average_rhythmic,99.98583333333954,4.292454519966985,94.60700000007637,108.57900000014342,159.5538000000175,4.550762722845226,153.84799999999814,164.63400000007823,1397.6840000001248
average_rhythmic,98.68983333336655,2.5051134648786952,94.85200000018813,102.32099999999627,159.31959999995306,8.79900209341761,147.70200000004843,173.46299999998882,1388.7369999999646
average_rhythmic,101.41516666673124,7.691080795678908,91.90300000016578,116.0480000001844,157.22259999993258,8.558613172687144,142.2039999999106,164.4309999998659,1394.6040000000503
average_rhythmic,97.23016666663655,5.824620171236931,88.96799999987707,106.71099999989383,169.4538000000175,9.041248550919043,155.89500000001863,180.375,1430.6499999999069
average_rhythmic,99.47949999993823,6.894769073950692,90.25099999993108,107.7039999999106,163.91880000005477,4.47579777918961,159.68900000001304,172.02900000009686,1416.4709999999031
average_rhythmic,100.33083333338921,2.103662078171711,96.52799999993294,102.80000000004657,165.76579999993555,8.757155140844935,153.54999999981374,175.81899999990128,1430.814000000013
average_rhythmic,99.36900000006426,2.2554538345957935,95.74699999997392,102.61100000003353,158.3981999999378,7.002522499729172,145.3980000000447,164.94699999992736,1388.2050000000745
average_rhythmic,101.9641666666915,3.4135252265360996,97.13999999989755,106.68900000001304,155.1405999999959,4.699112197044898,146.6909999998752,160.09799999999814,1387.4880000001285
average_rhythmic,98.02233333330757,3.036878313088585,93.9550000000745,102.43999999994412,165.20760000003503,8.09841346433068,152.63100000005215,175.96699999994598,1414.1720000000205
average_rhythmic,99.4797500000277,4.304401722344453,90.13800000003539,106.10499999998137,162.39585714284996,7.450259754376534,152.17500000004657,175.2819999998901,1932.6090000001714
average_rhythmic,101.17225000003236,4.976386031787927,94.03000000002794,110.29000000003725,159.31685714283958,7.775238304608109,145.07700000004843,168.7860000000801,1924.596000000136
average_rhythmic,97.69399999998859,3.96956304268535,89.34199999994598,101.91599999996834,161.4327142857281,7.053194893387781,153.53700000001118,171.68399999989197,1911.5810000000056
average_rhythmic,97.49237500005984,3.0827513659816597,93.38700000010431,102.35400000005029,158.12485714280047,8.732138216767641,145.33499999996275,173.87899999995716,1886.813000000082
average_rhythmic,100.64187500000116,2.43822801623069,96.87800000002608,105.0999999998603,159.20071428571828,5.324102009174774,151.21999999997206,167.6119999999646,1919.5400000000373
average_rhythmic,96.70650000000023,5.43515071088553,88.14999999990687,104.93299999996088,159.18114285713196,6.63620671400271,145.9220000000205,167.97600000002421,1887.9199999999255
average_rhythmic,98.96562500004075,4.661186730321625,90.71599999978207,104.31300000008196,155.8581428571072,5.73803723106195,147.34199999994598,163.8969999998808,1882.7320000000764
average_rhythmic,99.33574999996927,5.521753950275645,92.01600000006147,109.14899999997579,162.19871428575632,8.24667523854301,148.6610000000801,174.81200000015087,1930.0770000000484
average_rhythmic,98.0266249999695,3.141391488545236,92.48500000010245,102.25600000005215,156.7248571428936,7.086672207681905,143.285000000149,167.03300000005402,1881.2870000000112
average_rhythmic,100.15224999998463,3.7145115341876735,96.13400000007823,107.79700000002049,163.94471428573266,7.197459685087131,155.64299999992363,177.0810000000056,1948.8310000000056
average_rhythmic,101.24475000004168,5.51484736303879,92.37199999997392,111.89500000001863,159.7241428570955,9.218822971517548,146.6589999999851,173.7939999999944,1928.0270000000019
average_rhythmic,99.02187500000582,2.352217062614638,95.29899999988265,101.97100000013597,163.165000000004,5.710454497790374,150.93500000005588,170.28300000005402,1934.3300000000745
average_rhythmic,97.97925000000396,6.242353877935882,85.9429999999702,106.54599999985658,156.15271428573345,3.2334863411490464,148.93900000001304,159.78000000002794,1876.9030000001658
average_rhythmic,100.33287500002189,4.784275217757089,91.00399999995716,107.7819999998901,162.16199999997792,4.612934423875698,154.02800000016578,170.1449999997858,1937.7970000000205
average_rhythmic,99.43037499999627,1.7565808362798492,95.7839999999851,101.73500000010245,159.2418571428529,10.250279625891597,139.32199999992736,171.68900000001304,1910.1359999999404
average_rhythmic,102.00262499999371,3.0349978146139565,96.32599999988452,106.0230000000447,164.65228571430114,5.054145475666064,157.0690000001341,170.9189999999944,1968.5870000000577
average_rhythmic,99.18287500005681,3.6991673535406724,95.64699999988079,106.79200000013225,159.02299999994491,7.457851490603323,144.0010000001639,169.2019999998156,1906.624000000069
average_rhythmic,102.23250000007101,4.751975352389814,95.10600000014529,112.54000000003725,161.23085714277946,9.09320140745316,149.50900000007823,175.82499999995343,1946.4760000000242
average_rhythmic,101.79574999993201,3.68162534587534,96.39599999994971,109.71699999994598,160.16857142862864,6.2594804635612125,148.7290000000503,165.64300000015646,1935.5459999998566
average_rhythmic,101.14237499999581,5.548018653988941,90.25,108.72800000011921,163.4614285714259,9.18949227358293,148.76599999982864,180.4470000001602,1953.3689999999478
average_rhythmic,98.79171428566666,3.457731945082557,93.59799999999814,104.45699999993667,157.73100000006767,5.847480283478897,148.2170000001788,166.22399999992922,1637.9280000000726
average_rhythmic,101.1379999999356,4.755571499403294,94.52199999988079,107.75500000012107,161.06866666670734,8.098464785874494,145.79500000015832,172.9320000000298,1674.3779999997932
average_rhythmic,99.45357142859471,4.782781702762865,92.19900000002235,106.54700000002049,160.17899999996493,8.868554636103612,146.1799999999348,172.45999999996275,1657.2489999999525
average_rhythmic,99.14657142858154,1.5547595916706787,95.90499999991152,100.98000000009779,157.25266666665752,8.566990869363599,144.5,168.50300000002608,1637.5420000000158
average_rhythmic,98.56171428571854,5.314241236358335,88.94599999999627,104.37799999979325,159.94149999999595,7.3323845996691235,153.99400000018068,175.46400000015274,1649.5810000000056
average_rhythmic,101.47957142858233,4.03506420053511,95.7269999999553,107.73999999999069,159.19616666665146,6.825475207315128,147.47399999992922,168.39199999999255,1665.533999999985
average_rhythmic,100.46942857140675,5.8877542130793055,90.12599999993108,108.78099999995902,157.01916666666511,10.014299033819759,142.56499999994412,170.29000000003725,1645.400999999838
average_rhythmic,100.83628571425963,3.5675670666894463,97.49499999987893,108.52499999990687,163.36983333337898,9.94938018860152,143.55500000016764,171.75799999991432,1686.0730000000913
average_rhythmic,103.32357142859006,2.328166283756513,99.4000000001397,105.85100000002421,161.19983333333707,5.8024571352050875,153.01799999992363,171.17599999997765,1690.4640000001527
average_rhythmic,105.6772857143078,3.9055104920641037,97.51100000017323,109.4409999998752,160.80733333330136,5.430490790171188,153.40400000009686,168.60000000009313,1704.5849999999627
average_rhythmic,103.71085714282734,2.0677732970773155,100.57200000016019,107.23999999999069,162.9346666667067,5.369015448714958,152.9450000000652,169.74699999997392,1703.5840000000317
average_rhythmic,99.54171428569991,5.868849916871916,94.5800000000745,113.39599999994971,163.4570000000143,4.813751690015256,155.875,172.05199999990873,1677.533999999985
average_rhythmic,100.49514285717825,3.5359623231458817,95.57000000006519,107.79799999995157,162.0551666666288,5.340584718814404,153.08799999998882,170.1149999999907,1675.7970000000205
average_rhythmic,100.72928571428305,5.514703999657215,92.27199999988079,110.77199999988079,156.19566666668592,4.923898816504464,148.87000000011176,164.375,1642.2790000000969
average_rhythmic,100.05442857143602,5.544994289766296,91.18900000001304,110.97999999998137,153.69916666667754,5.52572660121413,146.4810000001453,162.14999999990687,1622.5760000001173
average_rhythmic,98.9925714285512,5.287887286919643,91.82900000014342,108.07099999999627,155.30033333335692,8.99675005518033,139.88899999996647,164.83700000005774,1624.75
average_rhythmic,99.67757142854056,4.331436708435671,93.19699999992736,106.69699999992736,161.9385000000475,7.954521078203723,153.0679999999702,176.3410000000149,1669.374000000069
average_rhythmic,100.89757142861241,4.777783582229939,93.59900000016205,105.93699999991804,159.35216666664928,9.812269282477338,149.36899999994785,173.44999999995343,1662.3960000001825
average_rhythmic,97.95600000000559,5.103315224979086,91.37800000002608,104.42099999985658,152.6379999999966,5.028215654411876,145.67499999981374,162.03300000005402,1601.5200000000186
average_rhythmic,99.58614285712663,4.328705297239615,92.87000000011176,106.31299999984913,155.55950000001272,6.39681094377326,146.2369999999646,166.55000000004657,1630.4599999999627
average_rhythmic,102.0523749999702,6.288115952711525,94.94199999980628,113.11100000003353,158.06471428577788,11.038490175177982,146.97100000013597,178.79500000015832,1922.8720000002068
average_rhythmic,96.60699999998906,4.531018290688376,92.00499999988824,105.45400000014342,159.47700000002183,5.683161846244327,150.84899999992922,168.2699999997858,1889.1950000000652
average_rhythmic,100.2951250000333,4.447614176110584,91.9089999999851,107.85100000002421,155.8977142856789,9.64226426744743,144.91500000003725,169.3859999999404,1893.6450000000186
average_rhythmic,103.64399999994203,3.7715960148928627,97.74800000013784,109.21299999998882,159.1120000000644,6.438571647327442,147.6040000000503,166.5460000000894,1942.935999999987
average_rhythmic,98.90449999997509,3.193133883770887,94.83100000000559,103.01399999996647,159.7584285714464,6.840432000910873,149.2600000000093,170.27399999997579,1909.5449999999255
average_rhythmic,96.44274999995832,4.9187823887570365,91.31699999980628,105.21400000015274,164.31085714288722,8.566003059053177,153.61200000019744,182.2290000000503,1921.717999999877
average_rhythmic,99.84300000008079,4.732676990832977,91.72100000013597,106.15299999993294,160.0927142856443,2.9745444652606237,154.47599999979138,163.4089999999851,1919.3930000001565
average_rhythmic,100.54662499998813,4.173553969307056,94.91599999996834,106.8090000001248,159.95814285716708,6.535250447250579,151.45799999986775,170.04200000013225,1924.0800000000745
average_rhythmic,99.77549999998882,7.833479654656953,90.48200000007637,113.04099999996834,157.98842857142776,5.255811609356392,148.27600000007078,164.78599999984726,1904.122999999905
average_rhythmic,94.32712500001071,3.8979859362674985,87.4769999999553,99.84599999990314,161.24214285715217,9.420355368242392,145.93500000005588,173.59199999994598,1883.3120000001509
average_rhythmic,96.70999999999185,4.018361824191701,90.16099999984726,102.3289999999106,161.74871428573638,13.123445091216421,142.78899999987334,181.23600000003353,1905.9210000000894
average_rhythmic,98.72812500002328,2.979807898091299,92.48999999999069,103.06700000003912,157.23671428569858,6.878204223968112,144.24900000006892,167.33400000003166,1890.4820000000764
average_rhythmic,101.72187500001746,7.323307559358949,92.91299999994226,115.03899999987334,157.85099999999096,5.710963641528128,148.55600000009872,167.160000000149,1918.7320000000764
average_rhythmic,98.12999999997555,5.061526968214377,90.627000000095,107.64299999992363,160.29242857146477,7.696759686604576,149.91299999994226,171.86100000003353,1907.0870000000577
average_rhythmic,103.05300000001444,2.456014199855587,99.57700000004843,107.41299999994226,154.70557142857328,5.2694877999108405,147.8179999999702,164.03000000002794,1907.3630000001285
average_rhythmic,98.90112500000396,3.3135039775461474,93.70800000010058,103.84199999994598,164.81285714284917,8.008621629713357,148.16500000003725,174.8289999999106,1944.8989999999758
average_rhythmic,100.21812499998487,4.193947467412404,95.23200000007637,105.82099999999627,162.69628571429556,4.463108068664703,153.31000000005588,168.125,1940.6189999999478
average_rhythmic,95.93162500005565,5.254264123993622,86.8519999999553,102.51300000003539,161.2709999999497,4.41142173388224,155.11599999992177,169.2249999998603,1896.3500000000931
average_rhythmic,101.71624999999767,4.48133977595852,94.03000000002794,108.13400000007823,158.4260000000109,7.38941720103292,150.9110000000801,171.39500000001863,1922.7120000000577
average_rhythmic,99.6636250000447,4.951777532788989,91.00900000007823,107.00500000012107,160.50457142852247,7.575851557181797,149.47200000006706,171.0930000001099,1920.841000000015
erratic_bursty,76.16099999996368,17.041155780466784,57.90999999991618,101.82199999992736,195.3592000000179,15.15252194716025,180.61100000003353,222.13199999998324,1433.7619999998715
erratic_bursty,95.05966666670672,26.781467433495184,64.06400000001304,149.14000000013039,107.57239999994636,68.57610045659786,45.0,234.16399999987334,1108.219999999972
erratic_bursty,84.64850000001024,24.565787759518983,64.36500000022352,137.74199999985285,194.6869999999646,89.29001949372821,57.95999999996275,330.9489999997895,1481.3259999998845
erratic_bursty,75.86433333336997,19.455751606073886,40.12199999997392,104.11300000012852,174.08879999993368,52.04637541028243,92.62000000011176,235.91499999980442,1325.6299999998882
erratic_bursty,92.08899999995872,18.152433840441752,58.88700000010431,115.45999999996275,194.09780000001192,22.54100773614109,168.45999999996275,236.3880000000354,1523.0229999998119
erratic_bursty,72.34533333332122,17.195687450331203,44.648999999975786,89.04099999996834,193.59940000004136,26.771146113644217,170.16400000010617,240.4529999999795,1402.069000000134
erratic_bursty,89.25499999996585,18.03369112710193,60.89699999988079,111.00099999993108,117.70820000004024,52.68422060690809,70.97600000002421,209.91200000001118,1124.0709999999963
erratic_bursty,82.63533333335847,19.285565506051686,42.04700000002049,98.00399999995716,122.6769999999553,37.29162874962556,61.72299999999814,168.65200000000186,1109.1969999999274
erratic_bursty,100.50316666668125,7.535535535296383,90.23400000017136,110.3289999999106,148.87879999997094,25.919146015241697,116.4210000000894,195.53700000001118,1347.4129999999423
erratic_bursty,88.16916666661079,15.401739592439863,58.66399999987334,104.4769999999553,139.6168000000529,60.56239952775538,77.64599999994971,229.08600000012666,1227.0989999999292
erratic_bursty,90.24566666665487,26.95920308337735,63.118999999947846,131.9429999999702,131.86080000000075,23.12022976876081,105.33300000010058,174.48600000003353,1200.777999999933
erratic_bursty,90.68416666670237,10.875115867867404,79.31000000005588,112.92000000015832,145.33539999998175,55.20404996224734,56.101000000024214,228.0189999998547,1270.782000000123
erratic_bursty,90.01483333331998,34.617054349003645,35.31600000010803,129.78000000002794,127.3527999999933,71.04123457089985,45.0,231.90500000002794,1176.8529999998864
erratic_bursty,100.30366666665456,11.911869132142975,86.60000000009313,118.26499999989755,154.69640000001527,40.31344903917815,95.27200000011362,217.9879999998957,1375.3040000000037
erratic_bursty,80.73416666663252,32.90225005697079,38.57399999978952,145.73800000012852,151.9284000000451,45.01037213168184,88.54400000022724,201.83499999996275,1244.0470000000205
erratic_bursty,84.33416666660924,26.874614127018503,37.27299999981187,115.67699999990873,173.42040000003763,28.456998454531675,127.56499999994412,204.36200000019744,1373.1069999998435
erratic_bursty,91.98216666669275,15.12445175216802,67.25,115.26199999987148,138.72599999997766,66.39441069550563,45.0,233.7369999999646,1245.5230000000447
erratic_bursty,76.19083333337524,19.426337126170242,37.14500000001863,99.81700000003912,141.59779999996536,54.69285273008773,70.92299999995157,223.47799999988638,1165.1340000000782
erratic_bursty,94.79833333337835,18.602989031054825,70.13400000007823,124.39400000008754,176.3615999999456,30.793655116590617,134.03000000002794,207.78499999991618,1450.5979999999981
erratic_bursty,87.50416666672875,29.33749504995874,27.0,115.6589999999851,194.4827999999281,52.45520128034977,136.8310000000056,289.9459999999963,1497.439000000013
erratic_bursty,85.6204999999997,24.30908772289035,52.570999999996275,126.7390000000596,143.95520000001414,46.93290977729336,88.34199999994598,217.92400000011548,1233.499000000069
erratic_bursty,74.70000000003104,25.406487347405676,37.75099999993108,121.04099999996834,142.8337999999523,52.33298674604037,70.68399999989197,218.8389999999199,1162.3689999999478
erratic_bursty,91.72049999997641,17.997788463740847,61.975999999791384,114.56199999991804,167.7010000000242,21.92135624447927,132.65700000012293,201.82199999992736,1388.8279999999795
erratic_bursty,85.66649999997269,29.604572381937313,44.46699999994598,137.07099999999627,167.9636000000406,39.98082398654365,121.40800000005402,220.0140000001993,1353.8170000000391
erratic_bursty,74.90283333339418,11.407496941559032,57.37400000006892,91.26399999996647,163.46799999992362,48.72077874589989,89.68199999979697,217.35499999998137,1266.7569999999832
erratic_bursty,78.16666666670547,22.380159730356787,45.97299999999814,113.13800000003539,107.21019999994897,49.86635269757227,45.0,193.95999999996275,1005.0509999999776
erratic_bursty,70.20833333333333,28.003189411573455,33.959000000031665,124.55799999996088,174.7100000000093,61.95548018700791,99.45900000003166,270.25699999998324,1294.8000000000466
erratic_bursty,97.78350000000016,32.501354201251,46.006000000052154,144.75699999998324,200.10479999999515,37.86445103995734,162.28200000000652,260.7359999999171,1587.2249999999767
erratic_bursty,88.99433333333582,20.32785297451059,72.72500000009313,132.7819999998901,166.87160000000148,52.308456874964435,63.36499999999069,203.57499999995343,1368.3240000000224
erratic_bursty,109.94216666669429,17.576720166284648,89.40800000005402,141.43399999989197,180.15559999998658,52.80236000257766,104.24199999985285,244.17599999997765,1560.4310000000987
erratic_bursty,99.02183333334203,11.98421584717672,78.69699999992736,115.91399999987334,138.16800000001678,62.659065275498854,45.0,233.75300000002608,1284.971000000136
erratic_bursty,91.52583333329919,30.3389179900199,40.24200000008568,123.11899999994785,143.15060000005178,38.06261787427082,86.70800000010058,183.52600000007078,1264.908000000054
erratic_bursty,99.36250000004657,20.849536147951238,76.90100000007078,143.33900000015274,164.52819999996572,66.89167515143414,81.8269999998156,254.17500000004657,1418.816000000108
erratic_bursty,90.08016666669089,19.535385197259153,54.48300000000745,120.67299999995157,150.4,76.40032271923968,45.0,276.0800000000745,1292.4810000001453
erratic_bursty,96.21950000002592,23.017687573907267,61.60900000005495,131.48100000002887,150.31899999997114,71.256336108432,89.1809999999823,285.34699999995064,1328.9120000000112
erratic_bursty,77.87983333334948,23.480912620153518,40.00399999995716,108.63600000017323,93.85799999996088,27.964435957132114,45.0,127.39899999997579,936.5689999999013
erratic_bursty,89.03200000000652,12.285135720358072,66.28099999995902,104.66800000006333,102.39280000003055,28.932424588357325,45.0,120.79900000011548,1046.1560000001919
erratic_bursty,93.12933333334513,35.46424143963263,38.23999999999069,142.2630000000354,134.0032000000123,48.71216560737699,74.60000000009313,191.9910000001546,1228.7920000001322
erratic_bursty,82.15916666667908,13.846785022985454,65.25399999995716,100.4230000001844,157.31079999995418,55.283601367512105,96.0999999998603,227.89299999992363,1279.5089999998454
erratic_bursty,83.98716666661979,26.63069110631863,47.200000000186265,128.47599999979138,169.04380000005477,95.91865496841652,45.0,288.0659999998752,1349.1419999999925
erratic_bursty,87.71124999996391,23.010912366484362,47.6589999999851,124.92299999995157,158.54300000003008,46.074659865363714,98.74700000020675,236.76199999987148,1811.4909999999218
erratic_bursty,100.61237500002608,21.30465258421098,76.08600000012666,137.74399999994785,145.92528571424606,48.72561242512136,78.60599999991246,232.27000000001863,1826.375999999931
erratic_bursty,98.67050000006566,18.065171477131884,58.5250000001397,122.64999999990687,163.83157142850436,78.31549113104744,45.0,297.0009999999311,1936.1850000000559
erratic_bursty,88.28874999997788,17.333176488664385,61.77199999988079,119.88500000000931,121.1669999999992,51.46136307120828,45.0,206.14300000015646,1554.4789999998175
erratic_bursty,88.27225000000908,31.06276949882705,48.11199999996461,140.81000000005588,168.51728571429183,71.12711856089436,47.7839999999851,262.12100000004284,1885.7990000001155
erratic_bursty,100.86437500003376,28.84571045641412,40.13500000000931,153.16400000010617,135.68585714282068,46.704066251317926,50.8070000000298,199.60100000002421,1756.716000000015
erratic_bursty,89.57975000003353,21.17139402446869,41.94699999992736,115.60300000011921,104.74099999995504,42.66653262553193,45.0,159.6439999998547,1449.8249999999534
erratic_bursty,81.61087499998393,25.01587798497317,45.868999999947846,112.62599999993108,161.0910000000149,58.528052846491676,45.0,223.03900000010617,1780.5239999999758
erratic_bursty,91.11937500000931,28.21645360401644,52.64799999981187,147.59400000004098,130.14099999999493,49.72092991888908,61.665999999968335,225.65599999995902,1639.9420000000391
erratic_bursty,86.35549999997602,22.596425574643625,60.550000000046566,123.33199999993667,163.86028571430194,53.07578325568716,78.99699999997392,249.7369999999646,1837.8659999999218
erratic_bursty,86.68375000005472,21.540063659040356,51.94400000013411,122.50799999991432,151.5211428570827,64.63819900342018,45.0,244.2060000000056,1754.1180000000168
erratic_bursty,94.0467499999504,23.531275330615117,60.55300000007264,126.74899999983609,164.18028571433388,35.36857467431901,91.6359999999404,198.14899999997579,1901.6359999999404
erratic_bursty,95.33699999997043,10.572865458348934,79.87999999988824,112.51000000000931,144.59400000004098,63.5400901141561,74.48099999991246,276.07400000002235,1774.8540000000503
erratic_bursty,84.55312499997672,29.658092455634016,45.61700000008568,129.5570000000298,142.8057142857329,52.70271112223959,45.0,191.29900000011548,1676.0649999999441
erratic_bursty,92.27912500003004,26.92875249822042,62.195999999996275,149.2839999999851,137.64185714282627,67.39797487720766,49.23699999996461,227.28799999994226,1701.7260000000242
erratic_bursty,92.73775000000023,17.987072203033016,55.739000000059605,110.14599999994971,134.69785714285848,31.37897131347876,104.51900000008754,184.74699999997392,1684.7870000000112
erratic_bursty,98.8703749999404,33.31913551527087,33.967999999877065,142.14299999992363,135.3558571429125,64.77450436811029,45.0,234.75400000019,1738.4539999999106
erratic_bursty,74.91024999998626,29.07425416817153,27.0,114.67099999985658,113.7919999999992,40.28712962509617,45.0,167.82099999999627,1395.8259999998845
erratic_bursty,76.74637499998789,16.74988038711407,49.85499999998137,102.30699999979697,111.66200000001118,34.17657345103068,68.37100000004284,170.72999999998137,1395.6049999999814
erratic_bursty,86.45187500005704,21.859241434866902,50.53800000017509,124.69100000010803,118.78428571421786,66.79498652206354,45.0,240.48899999982677,1523.1049999999814
erratic_bursty,83.4295714286023,27.428344993850704,34.50300000002608,120.95699999993667,134.24183333331408,55.16891219520411,45.0,191.56400000001304,1389.4580000001006
erratic_bursty,106.02642857146982,16.896459315096386,85.94999999995343,139.2369999999646,169.6551666666443,32.071026599399616,124.84299999987707,217.4320000000298,1760.1160000001546
erratic_bursty,93.74857142853683,19.661868214249917,64.05199999990873,129.17599999997765,147.4981666667154,67.17560043749766,59.72500000009313,242.0250000001397,1541.2290000000503
erratic_bursty,96.7740000000423,13.502376256398083,74.70100000011735,122.07599999988452,142.45416666660458,36.62912171309062,95.03300000005402,208.99699999997392,1532.1429999999236
erratic_bursty,95.09771428573211,29.428639999255765,41.41699999989942,136.5470000000205,134.22483333332153,62.538820014555434,45.0,210.05000000004657,1471.033000000054
erratic_bursty,87.26857142858873,23.891017862949532,37.03500000014901,115.05799999996088,129.93516666667225,48.19313771830148,45.0,191.49099999992177,1390.4910000001546
erratic_bursty,97.18814285714845,17.094814848194222,61.679000000003725,116.66700000013225,149.97866666666232,57.21808697046026,54.02099999994971,222.13400000007823,1580.189000000013
erratic_bursty,92.6762857143102,21.845455622297578,59.4429999999702,115.84199999994598,159.96016666665673,26.835683317863126,108.80600000009872,198.28099999995902,1608.4950000001118
erratic_bursty,82.75728571428252,15.278074240269031,58.19699999992736,103.35499999998137,141.37816666668127,58.43462212715501,45.0,211.2600000000093,1427.5700000000652
erratic_bursty,114.49271428571748,22.60469479501409,95.83799999998882,165.30099999997765,150.182166666685,53.01909602342384,96.377000000095,235.785000000149,1702.5420000001322
erratic_bursty,98.34785714288175,14.190704849404218,81.4440000000177,121.22000000008848,159.3934999999668,75.45884735792792,46.42299999995157,265.43900000001304,1644.795999999973
erratic_bursty,91.76399999999974,15.004084681978428,58.372999999905005,105.4089999999851,148.8851666667033,61.09108400965195,45.0,235.2160000000149,1535.659000000218
erratic_bursty,97.56471428577788,29.850483569797124,69.04399999999441,147.44300000020303,181.40683333327374,42.92582846968955,124.14099999982864,253.8850000000093,1771.3940000000875
erratic_bursty,93.5241428571088,21.20421814792914,62.19399999990128,119.14999999990687,150.1581666667092,36.869653951057956,115.05400000000373,205.44200000003912,1555.6180000000168
erratic_bursty,98.16985714282575,18.286088181439723,68.01000000000931,121.61800000001676,177.58500000004037,53.27314736336993,99.61800000001676,252.41500000003725,1752.6990000000224
erratic_bursty,76.50457142855574,29.482615627555266,42.55899999989197,119.07999999984168,164.49850000002576,37.46969134621724,122.22800000011921,233.32700000004843,1522.5230000000447
erratic_bursty,79.44442857146662,30.58977383679968,27.0,114.48699999996461,129.88499999997052,44.01374477359965,45.0,179.68699999991804,1335.4210000000894
erratic_bursty,83.7585714285129,30.36603093149636,39.08699999982491,115.67399999988265,163.7353333334128,40.99486835227907,100.00800000014715,219.05400000000373,1568.722000000067
erratic_bursty,100.04571428565707,18.51336834920621,67.33799999998882,121.73300000000745,157.26700000007017,67.50276904936477,61.825000000186265,241.74800000013784,1643.9220000000205
erratic_bursty,90.86457142859165,21.853436270245382,54.574999999953434,119.94900000002235,165.91183333329778,32.37466731570881,111.93000000005122,209.33399999991525,1631.5229999999283
erratic_bursty,105.46362499997485,25.68121811235939,47.01699999999255,131.61599999992177,146.97485714286034,50.50943868913382,89.54300000006333,258.95999999996275,1872.5329999998212
erratic_bursty,88.33399999997346,24.554053845553867,51.87300000002142,135.87800000002608,169.36142857144918,55.828775055935104,89.27600000007078,278.84700000006706,1892.201999999932
erratic_bursty,97.81387499999255,15.297801160922717,75.65300000016578,119.08400000003166,110.47228571426656,32.68208819926578,46.467999999877065,159.93700000015087,1555.8169999998063
erratic_bursty,95.4062500000291,32.00043921478434,38.92200000002049,142.53799999994226,149.93371428569247,49.63269529457641,54.21999999997206,198.25300000002608,1812.78600000008
erratic_bursty,83.24662500002887,29.4575636719463,27.0,126.97800000011921,148.64171428569327,86.96259793184244,45.0,327.4189999999944,1706.4650000000838
erratic_bursty,94.61662499999511,28.464721704862303,58.04200000013225,150.79200000013225,116.96814285714312,58.92286496872092,45.0,234.70999999996275,1575.7099999999627
erratic_bursty,94.32687500002794,19.014943494827673,68.54399999999441,128.09900000016205,144.5822857142692,70.67494789265673,45.0,269.2029999999795,1766.691000000108
erratic_bursty,100.69412499995087,17.05599307018295,71.8159999998752,128.31199999991804,130.49285714288376,47.02224240083376,47.13300000014715,196.6699999999255,1719.0029999997932
erratic_bursty,88.41462499997579,21.382389663804013,44.01699999999255,119.49699999997392,149.1392857143323,61.09494844147895,58.9660000000149,227.48800000012852,1751.2920000001322
erratic_bursty,81.58150000002934,16.575422679368526,56.584000000031665,109.15100000007078,157.12271428567223,56.23395916983394,88.84400000004098,251.9539999999106,1752.5109999999404
erratic_bursty,71.46762500001932,25.438199213633578,27.0,109.3519999999553,150.6567142856906,23.56621313121798,114.93100000009872,196.48300000000745,1626.3379999999888
erratic_bursty,101.5101250000298,18.787443422713967,60.0999999998603,123.90300000016578,134.51142857140596,40.083955945509935,92.56499999994412,211.7699999997858,1753.66100000008
erratic_bursty,82.61737500003073,24.91435531950382,41.84799999999814,116.9660000000149,131.59542857140437,59.46198914034614,68.32600000011735,255.90200000000186,1582.1070000000764
erratic_bursty,63.00262500005192,19.734082895745775,29.516000000061467,88.35600000014529,163.21699999994598,53.29490351941698,56.09599999990314,234.89099999982864,1646.5400000000373
erratic_bursty,96.61487500005751,23.543627436295456,74.47099999990314,147.9450000000652,139.6101428571024,36.95586155492033,60.74099999992177,174.95099999988452,1750.190000000177
erratic_bursty,80.04487500002142,27.445667875068686,27.0,122.86100000003353,176.68571428568768,32.53505493069213,118.10600000014529,228.73899999982677,1877.158999999985
erratic_bursty,94.69062499998836,19.305438974146863,50.02000000001863,114.65299999993294,116.99114285715457,51.40349645816409,56.59899999992922,196.0100000000093,1576.4629999999888
erratic_bursty,83.40525000001071,13.223697702883632,69.28300000005402,112.91200000001118,146.49999999996675,65.96681271020921,45.0,279.7360000000335,1692.7419999998529
erratic_bursty,99.36012500000652,18.685033499010213,79.2160000000149,136.56899999990128,147.2117142857252,22.623534147954246,110.33500000019558,181.01600000006147,1825.3630000001285
erratic_bursty,89.2335000000312,31.19284922470067,40.993999999947846,140.5480000001844,172.2278571428199,61.19802919660344,66.25699999998324,270.11899999994785,1919.4629999999888
fast_consistent,72.81783333339263,6.476621995535491,62.91699999989942,80.81600000010803,121.78919999995269,10.225195692938215,111.49199999985285,140.13699999987148,1045.8530000001192
fast_consistent,71.99399999994785,5.854116870444244,64.6610000000801,81.79899999988265,123.60680000004359,9.753104806185062,112.49200000008568,135.3660000001546,1049.997999999905
fast_consistent,76.6286666666468,4.961936472354064,65.93999999994412,81.375,125.07140000001527,18.339549335806137,101.20999999996275,152.03499999991618,1085.1289999999572
fast_consistent,79.81099999998696,5.623058301866384,73.95299999997951,90.9409999998752,126.81060000001453,10.778074514566228,108.73499999986961,138.60800000000745,1112.9189999999944
fast_consistent,70.98866666674924,5.002027444526556,65.8980000000447,80.7410000001546,121.91359999990091,6.4093985240003555,113.79399999999441,129.49199999985285,1035.5
fast_consistent,77.78599999992487,4.974075592500171,68.63100000005215,82.49699999997392,118.45540000004694,11.354432748442974,110.24699999997392,140.87599999993108,1058.992999999784
fast_consistent,80.69183333334513,8.072939209020161,69.04700000002049,89.76399999996647,127.9805999999866,11.421282075115098,113.96299999998882,142.92699999990873,1124.0540000000037
fast_consistent,78.91066666661452,8.726611649964049,67.84299999987707,90.03099999995902,117.66780000007711,6.230929799041102,110.61499999999069,128.002000000095,1061.8030000000726
fast_consistent,72.82983333338052,5.276272908571222,62.070999999996275,78.24300000001676,123.13519999994897,10.638307523245238,107.76399999996647,137.48099999991246,1052.655000000028
fast_consistent,74.05166666663717,8.39887259629447,63.03000000002794,82.9199999999255,117.90220000003464,15.779617567063362,95.97199999983422,135.39300000015646,1033.8209999999963
fast_consistent,75.36516666664586,3.7054254554767447,69.97199999983422,79.66599999996834,116.59300000001676,5.581304399421259,108.72400000016205,124.55299999983981,1035.155999999959
fast_consistent,76.18299999996088,6.671175908397664,63.87599999993108,82.4660000000149,119.33760000006296,9.385960400535822,108.17200000002049,136.72500000009313,1053.78600000008
fast_consistent,75.56316666665953,5.1237639295531885,66.25399999995716,81.05099999997765,118.9273999999743,6.814160127294425,110.05199999990873,126.99800000013784,1048.0159999998286
fast_consistent,77.42066666666263,5.264425504157775,68.38500000000931,82.9199999999255,117.5344000000041,19.067717688268484,99.72899999981746,153.82199999992736,1052.1959999999963
fast_consistent,71.85633333330043,6.930286566145506,63.148999999975786,80.20699999993667,115.9286000000313,8.800978345619788,99.25600000005215,124.04900000011548,1010.780999999959
fast_consistent,79.65833333340318,3.3665908407760687,73.47999999998137,83.48100000014529,127.39399999994785,11.430197496098444,111.35999999986961,143.69499999983236,1114.9200000001583
fast_consistent,71.23333333331782,10.60164263473014,57.695999999996275,90.12399999983609,106.61680000000634,14.309700226076892,86.01800000015646,128.2960000000894,960.4839999999385
fast_consistent,70.0376666666707,7.337798413385766,61.574999999953434,82.21900000004098,120.8155999999959,12.848747138888518,97.47900000005029,132.88299999991432,1024.3040000000037
fast_consistent,81.9605000000059,3.9038500548425916,75.09699999983422,88.10300000011921,125.72499999995344,6.099548409451929,114.48200000007637,131.4869999999646,1120.3879999998026
fast_consistent,78.05466666662444,5.441502600934746,73.1339999998454,88.95999999996275,127.07520000003278,15.600363911206909,108.01900000008754,150.63600000017323,1103.7039999999106
fast_consistent,77.49366666663748,10.730979881695214,61.90400000009686,89.7949999999255,125.7828000000678,10.376291734486468,113.98200000007637,137.78300000005402,1093.876000000164
fast_consistent,76.02133333333768,5.690451378288828,69.34400000004098,84.03499999991618,120.36720000002533,27.037580871133493,90.81300000008196,168.13300000014715,1057.9640000001527
fast_consistent,73.00816666668591,12.54922295625775,55.11300000001211,83.93900000001304,128.15759999996516,14.26139017906796,113.7730000000447,152.9299999999348,1078.8369999999413
fast_consistent,73.51450000000962,4.570231677157631,65.76500000013039,79.1480000000447,130.16520000002348,19.87665475273936,96.22900000005029,151.04000000003725,1091.913000000175
fast_consistent,75.98116666664525,5.025539255172822,69.62100000004284,84.49300000001676,117.1132000000216,11.777014416261014,102.79700000002049,137.2390000000596,1041.4529999999795
fast_consistent,77.69200000003912,4.106352274230036,72.49699999997392,82.62199999997392,124.92259999997914,12.9270123477679,105.2750000001397,145.37100000004284,1090.7650000001304
fast_consistent,72.89116666663904,6.68802874340304,63.67799999983981,81.83199999993667,119.71440000003204,10.920463078164188,99.9539999999106,129.40100000007078,1035.9189999999944
fast_consistent,77.9934999999823,6.292542669682999,65.24900000006892,84.5360000000801,123.71120000001974,11.413137086697114,106.87000000011176,137.1480000000447,1086.5169999999925
fast_consistent,77.11900000002545,5.625456722128679,71.72100000013597,88.88999999989755,112.80599999995903,7.167700356460001,106.93399999989197,126.80499999993481,1026.7439999999478
fast_consistent,73.24299999997795,10.652590936782765,63.00499999988824,94.61199999996461,135.2970000000205,6.094530629945107,126.86800000001676,143.8629999998957,1115.9429999999702
fast_consistent,73.98416666659371,2.2571115329033002,72.04099999996834,78.43099999986589,121.31080000004731,19.926283741773986,82.66600000020117,136.9899999999907,1050.4589999997988
fast_consistent,74.39000000001397,6.594438591219187,66.58799999998882,85.26799999992363,127.96080000000075,14.18650901943824,107.95299999997951,146.1589999999851,1086.1440000000875
fast_consistent,74.66916666664959,7.107639491331506,66.24300000001676,84.24399999994785,119.32380000003613,11.832951337641967,97.9340000001248,134.3850000000093,1044.6340000000782
fast_consistent,77.76116666663438,9.889057377023084,63.96200000005774,93.40200000000186,119.2692000000272,10.417333063730947,103.08499999996275,133.5130000000354,1062.9129999999423
fast_consistent,76.145166666635,10.123407881686488,56.38699999998789,87.36100000003353,120.09280000003055,4.39609114557497,112.88199999998324,125.04100000008475,1057.3349999999627
fast_consistent,78.63066666662537,4.370026150460887,72.69999999995343,86.30400000000373,109.09580000005663,11.002506721635667,95.08400000003166,124.04700000002049,1017.2630000000354
fast_consistent,75.00666666675049,7.092607528633711,62.95800000010058,85.22200000006706,118.41279999990948,10.821511583919184,108.68999999994412,138.89500000001863,1042.1040000000503
fast_consistent,76.80000000000776,12.796609485853956,58.15999999991618,96.48399999993853,127.57340000001713,9.323268431227033,112.25099999993108,138.62800000002608,1098.6670000001322
fast_consistent,75.56350000000869,4.991725311266252,68.73200000007637,84.98300000000745,113.07340000001713,4.131792860246901,106.36100000003353,119.19900000002235,1018.7480000001378
fast_consistent,70.80933333335754,9.680137820414139,57.38700000010431,89.32000000006519,119.36620000000111,5.049589900169044,113.00699999998324,127.07799999997951,1021.6870000001509
fast_consistent,74.36724999998114,9.329845895704544,59.037000000011176,86.85899999993853,118.78971428573797,10.763458256174468,104.1610000000801,134.58600000012666,1426.466000000015
fast_consistent,73.3483750000014,9.75274818882744,54.51000000000931,84.73200000007637,115.54785714286845,13.241575385660054,93.4989999999525,140.3850000000093,1395.6220000000903
fast_consistent,76.20262500003446,9.726347823557854,63.9230000001844,89.14700000011362,113.46271428568954,9.176624149164462,101.78300000005402,127.50199999986216,1403.8600000001024
fast_consistent,71.57762500000536,8.3819028259909,54.30900000000838,80.15000000002328,121.72442857142804,11.438452728249878,105.16099999996368,145.08600000001024,1424.6920000000391
fast_consistent,74.37562499992782,7.261541674061688,58.972000000067055,85.86499999999069,123.157857142921,12.85472013842293,98.55000000004657,139.24500000011176,1457.1099999998696
fast_consistent,77.87187499995343,7.743021704089508,63.36999999987893,90.33400000003166,116.2310000000455,14.756288673930014,96.01800000015646,143.68100000009872,1436.591999999946
fast_consistent,76.2877500000468,6.605630358820569,67.32700000004843,86.14999999990687,122.36599999995504,6.028722726589476,113.48600000003353,132.34199999994598,1466.8640000000596
fast_consistent,80.04000000000815,6.282630500085024,69.52199999988079,91.80400000000373,122.46542857141633,8.240420791169898,105.59700000006706,130.4769999999553,1497.5779999999795
fast_consistent,71.23174999997718,5.624534286287784,62.61999999987893,81.95699999993667,126.03971428573797,6.5324929548139306,117.63699999987148,137.03200000012293,1452.1319999999832
fast_consistent,70.41512499999953,3.5419331033887005,66.45100000011735,78.90399999986403,117.67042857142431,8.713515132233281,100.07099999999627,130.56500000017695,1387.0139999999665
fast_consistent,74.89174999995157,5.341971446655516,66.88700000010431,82.2589999998454,120.65571428579278,13.163532707687146,102.9890000000596,144.2939999999944,1443.724000000162
fast_consistent,77.71350000001257,4.582664672396694,71.04200000013225,84.17599999997765,117.87757142852726,12.981673058133778,94.95799999986775,129.93999999994412,1446.8509999997914
fast_consistent,80.85512500003097,4.335120282030524,74.99099999992177,86.80400000000373,112.72199999996727,8.256794102813316,105.26300000003539,128.06299999984913,1435.8950000000186
fast_consistent,76.34162500000093,6.513215679218346,66.30200000014156,84.64500000001863,119.98414285713807,10.330853988107949,95.76899999985471,127.79700000002049,1450.621999999974
fast_consistent,72.62987500001327,9.39118599324883,56.139999999897555,82.31200000015087,122.11685714285288,8.458695043386609,110.68499999982305,131.91500000003725,1435.8570000000764
fast_consistent,76.01062499996624,4.597250045938608,67.90499999979511,82.55400000000373,123.67557142861187,6.2410307952931,109.30000000004657,129.12400000006892,1473.814000000013
fast_consistent,69.36337499998626,6.95901826655056,56.795000000158325,81.38100000005215,116.61199999999788,12.288551117664479,95.73300000000745,132.8980000000447,1371.1909999998752
fast_consistent,76.02762499998789,5.377184601160315,70.41200000001118,87.69200000003912,118.26742857145811,9.732134017258025,101.57600000011735,130.3530000001192,1436.09300000011
fast_consistent,79.29349999997066,3.067805404497557,72.97399999992922,83.07499999995343,113.20971428572999,8.374285670506845,96.34099999978207,124.99400000018068,1426.8159999998752
fast_consistent,76.29787499993108,7.773096156508227,60.29600000008941,88.6679999998305,118.0338571429186,13.114692343501844,98.34799999999814,135.44599999999627,1436.619999999879
fast_consistent,71.91228571434372,8.565663725739045,58.16299999994226,82.96500000008382,118.50549999993139,11.447096615133155,108.68699999991804,139.9639999999199,1214.4189999999944
fast_consistent,68.88128571428491,4.154541807777395,63.429000000003725,75.89100000006147,125.55349999999937,10.81063266339781,107.17599999997765,138.37899999995716,1235.4899999999907
fast_consistent,74.93228571426256,6.506251361257516,62.67699999990873,82.41599999996834,111.46733333333395,9.857865449591058,97.29700000002049,128.89500000001863,1193.3299999998417
fast_consistent,72.09885714286273,6.132174734968066,58.25499999988824,77.91800000006333,116.28666666666201,6.992840473564113,107.79399999999441,126.30799999996088,1202.4120000000112
fast_consistent,70.45242857144747,5.146889542111372,62.78900000010617,77.54399999999441,129.6369999999879,7.095232225497059,121.56099999998696,143.98200000007637,1270.9890000000596
fast_consistent,70.56385714284677,11.071492768428739,48.778000000165775,83.47200000006706,117.70133333335009,7.63236284229063,107.08199999993667,129.25500000012107,1200.155000000028
fast_consistent,72.16014285711572,4.439233441850289,64.40399999986403,79.3410000000149,113.10983333336965,8.269009038108868,102.0570000000298,129.2160000000149,1183.780000000028
fast_consistent,73.12128571430887,5.874923773730565,63.36499999999069,80.60700000007637,116.63799999995778,8.309429322640785,102.77899999986403,126.18599999998696,1211.6769999999087
fast_consistent,76.09014285718357,6.034780441708801,66.76699999999255,86.90500000002794,123.37499999996119,12.425599904963105,101.38800000003539,137.62799999979325,1272.8810000000522
fast_consistent,79.21885714284144,2.6612408184371468,76.10700000007637,82.92900000000373,121.96849999999783,7.063756973772934,115.48999999999069,134.252000000095,1286.342999999877
fast_consistent,74.49985714290025,4.151779977216142,67.14400000008754,78.71299999998882,116.0844999999584,9.473300986611333,99.30600000009872,131.12100000004284,1218.0060000000522
fast_consistent,78.6227142857055,6.135061548464252,65.92000000015832,83.35100000002421,121.5018333333622,15.157161381250368,103.6710000000894,141.42500000004657,1279.3700000001118
fast_consistent,76.55757142859511,6.113812601869861,66.0570000000298,86.21400000015274,122.02999999995033,4.780424039794352,112.81399999978021,129.07399999978952,1268.0829999998678
fast_consistent,74.81271428564962,6.942382582225603,64.52799999993294,82.42299999995157,123.69050000006489,9.857334337942014,110.5570000000298,141.71200000005774,1265.8319999999367
fast_consistent,71.92628571424368,9.538122092970562,60.847000000067055,86.72799999988638,123.05816666669368,11.149720182092082,99.98699999996461,132.44799999985844,1241.8329999998678
fast_consistent,69.8820000000165,10.110733617616567,55.44500000006519,86.50100000016391,108.07649999996647,9.42918373540686,98.82900000014342,126.69799999985844,1137.6329999999143
fast_consistent,72.37957142855574,7.269321285974625,62.75399999995716,84.85699999984354,112.05400000000373,15.019348465711312,93.56199999991804,136.5470000000205,1178.9809999999125
fast_consistent,72.02714285710161,7.6780271727824765,61.156999999890104,82.54399999999441,121.6223333334007,11.869700454941023,102.68999999994412,142.4810000001453,1233.9240000001155
fast_consistent,77.85228571428785,5.027101712931663,70.26600000006147,87.00199999986216,122.85083333333023,13.680115221466293,99.58799999998882,143.1350000000093,1282.0709999999963
fast_consistent,76.18442857149057,4.424017077497436,68.13700000010431,82.2050000000745,121.64766666661792,10.371406247716886,111.63899999996647,143.747999999905,1263.1770000001416
fast_consistent,70.48949999999604,8.91870415193605,54.53499999991618,89.37999999988824,126.38514285714233,7.798327062909266,114.58199999993667,136.3310000000056,1448.6119999999646
fast_consistent,76.09787500000675,8.355079659085723,61.700999999884516,86.90500000002794,110.27285714284517,11.820126823440622,89.00600000005215,123.55000000004657,1380.6929999999702
fast_consistent,74.56575000003795,8.013268071654029,58.20399999991059,86.07099999999627,109.3632857142615,11.2694980458414,93.52899999986403,124.22900000005029,1362.069000000134
fast_consistent,71.91424999994342,8.636076072934069,55.5570000000298,86.56499999994412,124.7710000000495,19.782336117986056,105.27099999994971,154.5130000000354,1448.7109999998938
fast_consistent,73.5909999999567,8.790172139966206,59.52299999981187,92.125,117.28228571432244,10.862752751792584,107.44300000020303,139.9780000001192,1409.7039999999106
fast_consistent,74.38762499994482,5.176407222664872,67.38099999981932,82.37100000004284,118.11842857148233,13.947094084009269,103.19599999999627,145.2730000000447,1421.9299999999348
fast_consistent,75.63637500003097,7.299164574396797,67.68800000008196,89.48300000000745,119.66885714279488,9.83435038783567,109.96999999997206,140.4899999999907,1442.7729999998119
fast_consistent,75.899000000034,4.528120636590722,66.07900000014342,80.37300000013784,124.29699999998722,13.480171915035397,107.24599999981001,149.65500000002794,1477.2710000001825
fast_consistent,75.48000000003958,8.678525148319473,60.695999999996275,88.03500000014901,122.99599999997632,18.090816423121815,92.78700000001118,146.2019999998156,1464.8120000001509
fast_consistent,72.24424999998882,5.89539830606646,64.22299999999814,83.84499999997206,118.09400000000771,11.814649574643248,97.5800000000745,138.1030000001192,1404.6119999999646
fast_consistent,76.7601250000007,8.66640208564007,60.39299999992363,87.1710000000894,120.8311428571386,15.916585378867074,98.25699999998324,140.9309999998659,1459.8989999999758
fast_consistent,73.48225000003004,5.652235481418437,64.76300000003539,79.79399999999441,110.4934285714158,12.454223722519844,86.08400000003166,122.85600000014529,1361.3120000001509
fast_consistent,75.76462500001071,3.6629991447682033,69.40599999995902,81.12800000002608,116.9925714285512,15.278103845095478,97.29399999999441,140.04799999995157,1425.0649999999441
fast_consistent,76.3648750000284,8.116295913741556,67.1730000001844,88.20299999997951,118.25599999998563,7.4905250626521145,107.75399999995716,129.5209999999497,1438.7110000001267
fast_consistent,74.47850000002654,4.866174447093717,69.31199999991804,83.61399999982677,117.38942857139877,9.591257549757492,102.89100000006147,131.4859999998007,1417.5540000000037
fast_consistent,75.27824999997392,10.056351721043391,65.24900000006892,96.40299999993294,120.47957142858233,7.460066140169519,113.4429999999702,132.80400000000373,1445.5829999998678
fast_consistent,72.6332500000135,5.904035860132474,62.22900000005029,78.72400000016205,129.6727142857188,9.542378929383244,110.66500000003725,141.75399999995716,1488.7750000001397
fast_consistent,73.93712500002584,7.7882532610941615,62.33700000005774,87.9199999999255,119.52342857141048,15.680863367785735,91.08100000000559,141.12000000011176,1428.16100000008
fast_consistent,74.4467500000319,6.870948019500762,60.48400000017136,81.23300000000745,127.93371428569246,12.73894939286244,108.47199999983422,145.8980000000447,1491.1100000001024
fast_consistent,72.64087499998277,5.980556839432356,64.19599999999627,81.90100000007078,119.27957142859564,13.685817412337354,92.68500000005588,138.53099999995902,1416.0840000000317
peck_typer,60.70883333333768,10.526319828832486,47.29199999989942,78.12100000004284,247.81680000000634,11.765335922154426,233.7369999999646,266.7180000001099,1603.3370000000577
peck_typer,58.572333333276525,5.304417299725362,50.656999999890104,63.449999999953434,263.10480000004173,20.036384897474047,230.05000000004657,285.3189999999013,1666.9579999998678
peck_typer,59.12300000002142,5.615736668810345,49.44900000002235,66.98300000000745,252.39599999999626,28.489165238779385,223.59599999990314,302.1140000000596,1616.71800000011
peck_typer,61.57233333335413,4.9148797769484975,50.860000000102445,65.73699999996461,256.1323999999557,9.567504389346903,243.60499999998137,268.7600000000093,1650.0959999999031
peck_typer,58.37249999997827,3.6549776446924187,51.644000000087544,61.88300000014715,252.77480000001378,11.930818687705369,239.23300000000745,267.62799999979325,1614.1089999999385
peck_typer,57.854500000054635,7.121645169268309,48.57700000004843,65.81000000005588,257.6117999999318,20.2281324931354,233.9560000000056,288.7509999999311,1635.185999999987
peck_typer,60.03166666665735,7.9196748600181355,49.511000000173226,73.30000000004657,250.90720000001602,12.848901702503841,232.03099999995902,266.2399999999907,1614.7260000000242
peck_typer,59.827000000009626,10.282217157117236,51.1480000000447,80.0449999999255,242.07599999997765,15.948737768315052,222.0789999999106,269.2180000001099,1569.341999999946
peck_typer,54.573666666673184,3.5941090071454393,47.56000000005588,58.94399999990128,270.81059999996796,13.003201445731074,249.94800000009127,285.5439999999944,1681.494999999879
peck_typer,61.074999999953434,4.895871321815292,53.83199999993667,67.35999999986961,255.8370000000112,14.875574839253513,229.6950000000652,270.1579999998212,1645.6349999997765
peck_typer,61.33149999997113,2.4037283368003677,58.93099999986589,64.85900000017136,245.22220000005328,18.22393155601737,217.910000000149,270.82300000009127,1594.1000000000931
peck_typer,58.30299999995623,9.488653399290907,47.674000000115484,73.17799999983981,244.98360000005923,8.776973045456403,235.2390000000596,260.07500000018626,1574.7360000000335
peck_typer,61.48383333336096,3.361940878787069,56.86599999992177,66.35000000009313,237.88319999999368,19.46608114028364,220.52000000001863,272.5879999999888,1558.319000000134
peck_typer,62.50933333334979,9.868609926964433,48.89799999981187,74.69500000006519,246.69779999996535,13.436361313952506,230.26499999989755,266.7049999998417,1608.5449999999255
peck_typer,55.92800000003384,6.021277632939391,49.01000000000931,66.04599999985658,251.6177999999374,13.446544885587723,231.05099999997765,263.18900000001304,1593.65699999989
peck_typer,62.17316666672317,7.27310372582091,52.682999999960884,71.20400000014342,241.97259999993258,7.995823249699099,226.80199999990873,249.65400000009686,1582.9020000000019
peck_typer,60.96216666663531,7.397472438050771,51.17599999997765,70.79599999985658,239.02160000004807,18.252855794090873,216.2730000000447,270.89100000006147,1560.8810000000522
peck_typer,64.21950000000652,5.935048546572797,56.21900000004098,72.39100000006147,236.2685999999754,14.457781110465342,215.59900000016205,261.0009999999311,1566.6599999999162
peck_typer,63.24499999999534,6.9620335869891585,54.72900000005029,75.01000000000931,238.44940000004135,10.057212190339415,222.85999999986961,253.2410000001546,1571.7170000001788
peck_typer,63.17416666665425,7.828067650399873,52.85800000000745,76.23500000010245,255.78940000003203,10.342107127698405,243.4529999999795,270.12100000004284,1657.9920000000857
peck_typer,56.80916666670237,5.591570364247077,49.403000000165775,67.43999999994412,253.44799999995158,13.145299174959463,234.39500000001863,269.4290000000037,1608.094999999972
peck_typer,53.47249999999379,10.813267140417215,34.76500000001397,64.1260000000475,245.56659999999684,18.125782009033063,224.6689999999944,268.6829999999609,1548.667999999947
peck_typer,62.751499999935426,4.09278929943959,59.61700000008568,71.32299999985844,258.9688000000548,17.553538143628177,239.85900000017136,280.4320000000298,1671.3529999998864
peck_typer,62.503833333301976,4.964595700801687,54.88299999991432,69.47099999990314,247.50540000004693,9.717940617155827,233.94000000017695,262.8549999999814,1612.5500000000466
peck_typer,57.73349999997299,9.742087297752242,47.74500000011176,76.11100000003353,267.3494000000413,12.607841347350814,254.68100000009872,290.8400000000838,1683.1480000000447
peck_typer,56.30983333332309,5.910978216133113,46.21900000004098,63.58999999985099,249.77659999998286,24.351982232215878,225.31499999994412,284.8889999999665,1586.7419999998529
peck_typer,60.21800000003228,4.294859951127519,53.256999999983236,66.28300000005402,258.89719999996015,17.552277771344965,241.00799999991432,292.1810000000987,1655.7939999999944
peck_typer,61.06166666664649,8.980150196655112,49.7070000001695,76.0999999998603,254.1642000000458,15.01699540391213,231.19200000003912,277.09900000016205,1637.191000000108
peck_typer,59.968499999997825,6.148473435170631,50.71200000005774,67.61599999992177,244.21499999999068,17.806537305178246,223.2310000001453,276.23500000010245,1580.8859999999404
peck_typer,59.8355000000059,4.049211806011884,54.22299999999814,67.11199999996461,250.21639999998735,17.101275398030737,220.71200000005774,266.7760000000708,1610.094999999972
peck_typer,59.87850000003042,6.701700549093102,53.91400000010617,73.10100000002421,246.38259999998846,10.554374611525562,227.11899999994785,256.88199999998324,1591.1840000001248
peck_typer,61.6231666666766,7.25633735474746,47.875,70.0460000000894,263.55719999996944,17.653893875261,234.2839999999851,287.9329999999609,1687.5249999999069
peck_typer,60.47383333331285,5.41969397712866,52.67999999993481,67.72900000005029,244.9704000000376,29.504554771062804,204.59400000004098,291.05000000004657,1587.6950000000652
peck_typer,64.6553333333383,6.106775517531676,58.0230000000447,76.30999999982305,263.1211999999825,24.92734456299534,224.87899999995716,294.39400000008754,1703.5379999999423
peck_typer,60.882333333332404,8.272616971405702,45.84899999992922,72.6359999999404,232.1685999999754,12.67946066047465,215.86599999992177,252.9560000000056,1526.1369999998715
peck_typer,57.02250000000155,8.610168886258643,42.73699999996461,66.05400000000373,240.1938000000082,12.693190700594537,219.24399999994785,252.6160000001546,1543.1040000000503
peck_typer,60.673333333378345,7.375570614514011,50.32400000002235,71.29200000013225,261.6679999999236,15.011900745689063,244.3200000000652,285.71099999989383,1672.3799999998882
peck_typer,59.76316666661296,7.745615220169172,44.6019999999553,67.53799999994226,250.9036000000313,8.437623281526612,238.43799999984913,261.7630000000354,1613.0969999998342
peck_typer,55.85916666667132,2.467947420956973,51.72799999988638,59.4910000001546,260.5151999999769,17.334629518990027,230.38199999998324,279.12000000011176,1637.7309999999125
peck_typer,59.217833333299495,6.272015503168747,50.62800000002608,68.41899999999441,248.65380000006408,22.55429033598239,212.54900000011548,277.75400000019,1598.5760000001173
peck_typer,55.62062500003958,6.07911103574599,47.07799999997951,66.25100000016391,255.29285714279726,19.333929786154176,233.3070000000298,294.29999999981374,2232.0149999998976
peck_typer,61.56650000001537,5.352995096236941,52.76399999996647,68.7300000002142,243.12328571427082,13.503266088591923,227.90500000002794,262.5989999999292,2194.3950000000186
peck_typer,62.62737500001094,4.54656238096556,56.2640000001993,69.07499999995343,243.4517142857159,16.5763501386157,222.75699999998324,270.7579999999143,2205.1810000000987
peck_typer,60.36587499998859,4.530562863434394,56.152999999932945,69.27700000000186,245.4570000000032,15.105645387448162,221.87400000006892,271.2269999999553,2201.125999999931
peck_typer,57.53199999991921,6.412291068748017,50.35400000005029,68.38800000003539,246.86985714294548,15.055164481006493,226.09900000016205,264.8649999999907,2188.344999999972
peck_typer,62.947624999971595,4.468831752767372,55.131999999983236,68.42499999981374,248.56900000003432,12.140648158837537,232.34799999999814,263.5850000001956,2243.564000000013
peck_typer,63.453749999956926,6.2623944452226565,52.48300000000745,68.6480000000447,246.3918571428928,20.951043106828212,211.14000000013039,276.00900000007823,2232.372999999905
peck_typer,61.44999999998254,8.36235862360901,51.63200000021607,76.03000000002794,259.5620000000178,15.874430311528045,226.90399999986403,276.90200000000186,2308.533999999985
peck_typer,58.51174999991781,5.827785144292391,50.46199999982491,68.75,246.4197142857925,10.76667378951958,231.10000000009313,266.7290000000503,2193.03199999989
peck_typer,57.437874999974156,4.725172733310448,49.48699999996461,62.19100000010803,246.2942857142937,11.633968021281854,233.125,266.02100000018254,2183.562999999849
peck_typer,58.885874999978114,6.218900574780432,47.80200000014156,66.875,239.69157142857355,12.60558879287818,222.68800000008196,258.61899999994785,2148.92799999984
peck_typer,64.65699999991921,6.473727809384941,52.53799999994226,74.86499999999069,251.23685714293137,16.103527381398344,225.9869999999646,275.56300000008196,2275.9139999998733
peck_typer,58.44712499997695,6.3426593877266,45.41400000010617,66.30499999993481,243.53285714288774,26.773320805966094,207.9089999999851,291.4290000000037,2172.30700000003
peck_typer,58.2445000000298,4.6276273077859695,50.11700000008568,66.61100000003353,235.81071428568768,7.062267517609416,226.17699999990873,249.04000000003725,2116.631000000052
peck_typer,59.886124999960884,7.317670897191155,51.12999999988824,75.0679999999702,251.11014285716894,18.231891771074928,226.04200000013225,282.35700000007637,2236.8599999998696
peck_typer,60.74249999997846,7.121023679945111,45.557999999960884,68.96500000008382,243.04428571431032,8.3575263892525,233.18400000000838,260.76600000006147,2187.25
peck_typer,59.9926249999844,4.705375727260157,53.1109999998007,70.59899999992922,239.6611428571466,18.989779788278017,208.43900000001304,269.8649999999907,2157.5689999999013
peck_typer,63.143874999979744,8.124111496591786,46.7750000001397,75.6929999999702,267.0451428571583,22.405568723787926,232.35000000009313,290.48700000019744,2374.466999999946
peck_typer,59.8676249999844,6.0070277787671,46.61299999989569,67.37199999997392,229.0052857142873,15.512279658486994,199.85100000002421,250.18299999996088,2081.9779999998864
peck_typer,58.94062500001746,7.388506613969522,53.001999999862164,76.77600000007078,252.7412857142543,18.408254217823504,229.5810000000056,281.2720000001136,2240.71399999992
peck_typer,60.74157142865339,5.259716501234587,53.735000000102445,69.64900000020862,257.50416666657355,16.203170753638677,231.84299999987707,278.5219999998808,1970.216000000015
peck_typer,62.25714285714951,6.406931144706799,50.25500000012107,71.86999999987893,258.4175000000202,20.33905549059952,223.1040000000503,287.5600000000559,1986.3050000001676
peck_typer,60.63342857147966,4.9225294559762505,53.47299999999814,67.77700000000186,247.14549999994537,19.173684333444616,227.1579999998212,276.0219999998808,1907.3070000000298
peck_typer,57.936142857119975,7.307052628976239,42.790999999968335,64.74500000011176,243.9558333333504,25.900943531209855,199.10699999984354,272.19900000002235,1869.2879999999423
peck_typer,63.13514285714233,5.689551160537014,52.87899999995716,69.17500000004657,254.87566666665953,8.72131847187484,243.42000000015832,267.9290000000037,1971.1999999999534
peck_typer,63.0931428570766,6.38352478604598,55.010999999940395,75.6569999998901,252.605000000059,15.720469066384517,224.18599999998696,271.58400000003166,1957.28199999989
peck_typer,59.1890000000463,4.915795009132237,54.0,70.40700000012293,249.97083333328678,20.503372059354867,223.53099999995902,283.8759999999311,1914.1480000000447
peck_typer,60.65928571428439,4.690010103977889,53.85800000000745,69.20900000003166,260.64850000001024,15.865481784385267,242.34299999987707,289.719000000041,1988.5060000000522
peck_typer,62.98957142852513,4.146886331346474,58.66299999994226,71.35100000002421,248.5468333333653,25.593400994591008,195.8220000001602,271.77900000009686,1932.2079999998678
peck_typer,62.2267142857558,6.790312315834355,51.53900000010617,69.80400000000373,257.14116666663904,22.513023293306272,229.45800000010058,296.4120000000112,1978.4340000001248
peck_typer,58.98399999993853,8.845529669943295,48.976000000024214,76.90499999979511,247.22783333338643,14.030680934030771,226.2390000000596,268.7170000001788,1896.2549999998882
peck_typer,61.82114285716255,6.834620428934861,50.49600000004284,72.58599999989383,250.69183333330633,12.847700551983728,239.09099999978207,270.91500000003725,1936.8989999999758
peck_typer,61.0964285713687,7.4393015389635435,49.692000000039116,72.53099999995902,247.97916666670548,16.964844005688622,225.94800000009127,279.93399999989197,1915.5499999998137
peck_typer,58.28400000001836,9.312872228423412,41.48999999999069,71.84900000016205,239.62899999999595,13.824422507570384,225.11699999985285,263.8640000000596,1845.7620000001043
peck_typer,60.41871428576165,5.1036548168363245,50.73600000003353,66.4179999998305,255.1028333333088,15.180852275290695,238.66599999996834,275.63400000007823,1953.5480000001844
peck_typer,58.26514285713035,3.740826930282638,54.636000000173226,66.55400000000373,253.1166666666977,22.911406639908723,210.8890000001993,279.61899999994785,1926.5560000000987
peck_typer,59.46757142861107,8.934130141616645,45.71100000012666,71.58999999985099,243.80699999995218,20.116263403884403,215.35699999984354,278.97099999990314,1879.1149999999907
peck_typer,60.73214285717612,4.183125572021796,54.027999999932945,67.6140000000596,252.66966666661514,10.238362900856739,234.0999999998603,268.83499999996275,1941.1429999999236
peck_typer,60.23514285710241,7.1039900544407955,49.6589999999851,68.34299999987707,243.3420000000624,11.974621761589574,224.0439999999944,257.52900000009686,1881.6980000000913
peck_typer,57.76899999998776,4.890163187457178,51.898999999975786,63.37800000002608,244.56750000000466,8.746407619749531,235.2839999999851,259.3040000000037,1871.7879999999423
peck_typer,57.87249999999767,10.894105642517316,36.58199999993667,69.99600000004284,242.4627142857228,17.879646838239424,220.96299999998882,277.6439999998547,2160.219000000041
peck_typer,55.88249999994878,7.668231820285062,46.12400000006892,68.8640000000596,253.9885714286273,21.04403765474198,223.3110000002198,295.17500000004657,2224.9799999999814
peck_typer,61.65224999998463,6.7773429297526135,49.51799999992363,72.48499999986961,254.72428571429504,17.880808888000804,223.8200000000652,285.8510000000242,2276.2879999999423
peck_typer,60.47537499997998,5.989590761033679,51.75099999993108,70.36100000003353,245.94200000000586,9.727207380802765,229.50699999998324,262.43800000008196,2205.396999999881
peck_typer,58.3363749999844,6.7686473526411,42.381999999983236,65.17500000004657,247.8077142857281,25.84790105716139,207.96699999994598,293.3519999999553,2201.344999999972
peck_typer,57.41124999997555,5.904843896128351,49.97099999990314,69.25099999993108,244.05342857147167,17.54464352000965,223.5120000001043,270.9350000000559,2167.664000000106
peck_typer,64.12075000000186,12.212875221970066,35.68599999998696,80.71999999997206,244.4141428571394,20.485680583728236,208.81400000001304,265.82300000009127,2223.8649999999907
peck_typer,62.40337499999441,8.046572157409003,47.43999999994412,73.70799999986775,249.4652857142833,18.624226324975485,220.80099999997765,277.9399999999441,2245.4839999999385
peck_typer,61.371500000037486,6.191183973976473,52.96400000015274,74.00600000005215,243.12957142852247,16.879075032699905,224.84400000004098,277.35899999993853,2192.878999999957
peck_typer,64.77437499994994,6.877183524798924,52.13400000007823,75.35599999991246,250.06557142860922,22.222209230912565,220.36800000001676,292.0120000001043,2268.653999999864
peck_typer,61.10937500005821,7.227906525043663,47.59899999992922,70.09200000017881,242.0144285713655,18.677095245667434,213.48399999993853,272.8989999999758,2182.976000000024
peck_typer,58.135499999974854,7.138877852949965,47.27600000007078,72.87399999983609,245.29928571431498,14.30783256732763,213.0820000001695,261.35700000007637,2182.1790000000037
peck_typer,58.26675000003888,6.841406758626012,46.502000000094995,66.27799999993294,260.9735714285302,22.31540502406261,226.5679999999702,284.2949999999255,2292.9490000000224
peck_typer,62.41425000000163,5.188796940218719,54.37000000011176,69.71799999987707,252.18528571428865,19.236040843917383,233.3619999999646,290.2150000000838,2264.6110000000335
peck_typer,58.62362500000745,8.085257524315333,46.915999999968335,70.55400000000373,254.8851428571423,22.50447868083537,220.07499999995343,287.318000000203,2253.185000000056
peck_typer,60.18512499998906,6.641211343546847,47.78099999995902,70.2839999999851,249.07985714287497,17.232716744851505,215.14899999997579,266.7860000000801,2225.0400000000373
peck_typer,65.4320000000007,7.202352150552268,51.92699999990873,78.67800000007264,244.44542857143097,18.858777818692833,220.69100000010803,279.6049999999814,2234.5740000000224
peck_typer,60.40912500000559,9.997366821298076,46.05499999993481,77.83299999998417,249.21814285714314,21.557041881783597,215.92800000007264,271.1790000000037,2227.8000000000466
peck_typer,64.74487499997485,6.647375279748254,53.46199999982491,73.29200000013225,243.76485714286432,9.243930045908447,230.53000000002794,255.49900000006892,2224.312999999849
peck_typer,57.83687500000815,5.244507828189649,49.204999999841675,63.843000000109896,268.2910000000016,11.462340324416022,252.85899999993853,281.24599999981,2340.7320000000764
slow_deliberate,153.97483333332153,5.7990377769898,143.37800000002608,162.96500000008382,192.78400000003165,13.486423899525223,180.88000000012107,217.372999999905,1887.7690000000875
slow_deliberate,148.49499999995655,8.415238281475611,136.10299999988638,161.39100000006147,197.77660000002942,9.38507917064507,183.77600000007078,210.5,1879.8529999998864
slow_deliberate,149.65416666671322,12.662347536618347,129.51800000015646,168.65500000002794,209.36239999993705,16.475925013172514,188.08799999998882,236.43999999994412,1944.7369999999646
slow_deliberate,156.55633333329266,5.896857571822111,148.63100000005215,163.44599999999627,203.10200000004843,7.309216839060966,195.1710000000894,216.31500000017695,1954.8479999999981
slow_deliberate,143.42216666671447,5.843653463827344,136.2029999999795,153.5679999999702,200.28779999995604,15.231250840364906,182.0529999998398,221.12300000013784,1861.972000000067
slow_deliberate,143.32383333328957,6.543269325962212,132.46999999997206,152.24699999997392,208.28180000004357,12.334305840212117,192.2620000001043,226.4320000000298,1901.3519999999553
slow_deliberate,153.05816666665487,5.785461359199031,143.92900000000373,161.3959999999497,199.20180000001565,9.635765696643197,187.09199999994598,213.02600000007078,1914.3580000000075
slow_deliberate,157.80833333331006,9.416193439418162,140.4660000000149,166.29199999989942,211.04660000004804,13.408132914084625,198.56299999984913,232.9110000000801,2002.0830000001006
slow_deliberate,149.51616666671666,6.378439187862421,138.69499999983236,155.88600000017323,201.03779999990948,11.397697581564245,188.5999999998603,219.50499999988824,1902.2859999998473
slow_deliberate,147.4155000000028,7.658183830594867,137.3530000001192,158.9899999999907,202.73320000004023,18.637757111835814,182.72399999992922,235.0449999999255,1898.159000000218
slow_deliberate,155.44816666670764,10.434927893356042,146.77499999990687,176.21500000008382,198.75919999997132,10.81796175624836,183.06899999990128,213.82599999988452,1926.4850000001024
slow_deliberate,141.28233333331687,6.460825016176253,132.38199999998324,150.54500000015832,197.0848000000231,22.88104752325803,178.7839999999851,238.5700000000652,1833.1180000000168
slow_deliberate,145.41233333332153,7.277699537336119,132.77900000009686,154.9890000000596,189.62700000000186,19.253457943919273,162.07300000009127,219.68599999998696,1820.6089999999385
slow_deliberate,148.1968333333498,8.199809294883183,138.02000000001863,161.66500000003725,199.77399999997579,16.295106062894497,178.08399999979883,219.51399999996647,1888.0509999999776
slow_deliberate,148.7225000000326,16.98208217262018,118.68399999989197,168.11100000003353,188.42839999995195,10.274438254272292,174.2609999999404,202.64700000011362,1834.4769999999553
slow_deliberate,146.22933333336064,8.165861103117695,132.04000000003725,154.0360000000801,200.24079999998213,8.882513324502362,184.82099999999627,210.5119999999879,1878.5800000000745
slow_deliberate,149.23266666665828,8.47267753159848,138.1350000000093,162.09799999999814,206.40480000004172,21.27839086388443,170.502000000095,237.43199999979697,1927.4200000001583
slow_deliberate,145.7685000000056,10.924174152578601,129.85100000002421,157.90100000007078,199.86759999999776,15.810818303897594,170.38400000007823,217.4189999999944,1873.9490000000224
slow_deliberate,147.49516666665053,10.019501890709279,128.87800000002608,160.4079999998212,202.03640000005254,13.477145789802451,184.49399999994785,220.58700000005774,1895.1530000001658
slow_deliberate,144.54983333333317,7.694131322324292,133.875,155.78099999995902,215.16220000002068,9.100280553928215,201.5570000000298,229.8420000000624,1943.1100000001024
slow_deliberate,151.01050000005247,9.253187716481325,135.06400000001304,166.5209999999497,203.224599999981,13.534332412026817,179.14899999997579,216.33499999996275,1922.1860000002198
slow_deliberate,156.9971666666679,8.647342258611223,145.02100000018254,170.97899999981746,207.7354000000283,7.860444837305481,192.82400000002235,215.1380000000354,1980.660000000149
slow_deliberate,146.55299999999502,10.276415831027546,128.87300000013784,159.38899999996647,198.19399999999442,8.940285454098424,182.9660000000149,210.8420000001788,1870.2879999999423
slow_deliberate,149.16416666666433,3.567593045593529,143.8410000000149,155.0800000000745,208.58860000001732,21.85172969446058,184.4890000000596,245.06099999998696,1937.9280000000726
slow_deliberate,148.86900000006426,13.093151899651346,129.28099999995902,161.3519999999553,192.94019999993034,15.20482106958333,175.6030000001192,217.08399999979883,1857.9150000000373
slow_deliberate,148.57950000007017,8.48732711649075,137.410000000149,161.15200000000186,212.00199999990872,6.976119437080585,199.0769999998156,219.29799999995157,1951.4869999999646
slow_deliberate,151.66749999998137,6.023732473884745,143.27499999990687,160.1140000000596,205.13060000003316,14.996291029483627,184.71200000005774,226.9680000001099,1935.658000000054
slow_deliberate,144.82949999999255,6.8691244650478085,133.82499999995343,157.0789999999106,202.39180000000633,8.689822354918885,190.74200000008568,213.23300000000745,1880.935999999987
slow_deliberate,147.78100000003664,10.283267509248104,128.3519999999553,162.35499999998137,200.34839999997058,15.57166134486548,177.64199999999255,224.06999999983236,1888.4280000000726
slow_deliberate,150.19366666666852,9.34481185232233,139.30099999997765,162.43299999996088,204.48599999998697,9.507260572813934,189.43100000009872,217.0570000000298,1923.591999999946
slow_deliberate,147.38716666664308,6.377169889971782,139.6480000000447,155.83199999993667,207.3871999999974,15.3288430796056,183.4680000001099,220.7280000001192,1921.2589999998454
slow_deliberate,152.24016666660705,5.893091221023253,141.22899999981746,159.0889999999199,193.68780000009573,7.58045128997344,181.97400000016205,201.21100000012666,1881.880000000121
slow_deliberate,150.31183333330168,6.894661398883548,141.18299999996088,161.83599999989383,188.15940000005065,17.904571847407688,165.98600000003353,218.10499999998137,1842.6680000000633
slow_deliberate,149.00300000002608,8.003564372571084,136.63199999998324,160.59499999997206,193.35659999996423,11.888464351699573,175.43399999989197,212.86000000010245,1860.8009999999776
slow_deliberate,146.7076666667126,9.629320634841141,133.98800000012852,166.12100000004284,197.3167999999132,12.034042752062305,180.8300000000745,214.42699999990873,1866.8299999998417
slow_deliberate,156.365666666689,7.71731012430804,146.50500000012107,170.7939999999944,201.41399999996648,13.751919036973172,185.07700000004843,222.18999999994412,1945.2639999999665
slow_deliberate,147.1966666666558,7.683957566868065,137.3980000000447,160.41400000010617,198.46520000002346,10.616426656783718,180.95400000014342,211.91500000003725,1875.5060000000522
slow_deliberate,153.6461666667213,9.196890949606638,138.58600000012666,170.03200000012293,208.46099999994038,15.777451061553721,194.10899999993853,237.64299999992363,1964.1820000000298
slow_deliberate,150.31700000003912,12.485038579617715,138.54099999996834,175.62000000011176,191.31279999995604,16.759088154228944,175.65299999993294,212.25,1858.466000000015
slow_deliberate,154.21933333335133,7.719503323062767,140.43700000015087,165.3279999999795,189.85359999998474,18.366863124661798,156.71299999998882,213.4560000000056,1874.5840000000317
slow_deliberate,154.76062499996624,8.545932584215876,140.81199999991804,170.95799999986775,199.80957142859032,10.41287413123627,183.67599999997765,215.43900000001304,2636.751999999862
slow_deliberate,152.6646250000049,8.354541264223009,134.1779999998398,164.40100000007078,204.85385714285076,17.135247811215457,188.87999999988824,241.43299999996088,2655.2939999999944
slow_deliberate,153.69137500005309,5.350269150629554,146.80200000014156,161.27200000011362,200.82871428567782,14.404052611416171,182.12799999979325,218.96999999997206,2635.3320000001695
slow_deliberate,151.00212499996996,7.660332147468101,138.58499999996275,162.35299999988638,200.13285714288108,11.258298823896483,184.59499999997206,221.1589999999851,2608.9469999999274
slow_deliberate,147.63612499993178,13.885928366933422,119.75499999988824,170.80500000016764,197.55042857151213,8.037191066815936,187.2730000000447,212.16800000006333,2563.942000000039
slow_deliberate,147.0645000000659,7.798075179119058,136.96400000015274,161.01600000006147,197.89057142849612,9.878537425791665,180.66200000001118,212.81999999983236,2561.75
slow_deliberate,152.25662500000908,12.260119278988329,132.2709999999497,166.92399999988265,201.98971428572466,14.278086733679425,181.68900000001304,220.4189999999944,2631.9810000001453
slow_deliberate,152.5965000000142,9.201499239279896,140.5789999999106,169.69800000009127,197.80885714282547,12.156152744576122,184.5470000000205,218.29899999988265,2605.433999999892
slow_deliberate,159.4883749999717,7.924668067789435,145.56499999994412,170.98300000000745,202.91071428574756,7.840999111156609,190.0680000000866,211.30300000007264,2696.2820000000065
slow_deliberate,151.73787500002072,13.806551981253605,120.75799999991432,172.14700000011362,203.9637142857204,19.76927215008266,170.14400000008754,230.38299999991432,2641.6490000002086
slow_deliberate,150.86137499997858,6.975162541737166,141.61700000008568,163.83599999989383,202.1874285714501,19.683127312885194,168.57300000009127,223.37000000011176,2622.2029999999795
slow_deliberate,151.4383749999979,9.952898948798026,138.42900000000373,166.2620000001043,197.959999999996,15.007186545134598,170.7399999999907,214.48600000003353,2597.2269999999553
slow_deliberate,151.4787499999802,9.985739679036172,138.3499999998603,169.7369999999646,194.82457142858766,15.986663717421214,174.3320000001695,215.0329999998212,2575.6019999999553
slow_deliberate,147.2462500000256,6.453858414753447,137.70800000010058,155.50600000005215,210.19457142853312,17.43406354442343,186.48600000003353,231.06899999990128,2649.3319999999367
slow_deliberate,145.24699999997392,8.49968168526285,134.9539999999106,158.44200000003912,195.33257142860177,15.39175872118653,173.89299999992363,216.49099999992177,2529.3040000000037
slow_deliberate,144.0101250000298,8.455084187072565,131.12699999986216,158.96500000008382,202.89785714284517,10.220540123149021,185.94999999995343,215.82099999999627,2572.3660000001546
slow_deliberate,151.09537499994622,7.855528402599267,140.64899999997579,163.74600000004284,207.43200000006306,7.941224248872977,196.15900000021793,219.87400000006892,2660.787000000011
slow_deliberate,145.76125000001048,11.476491545196744,119.20900000003166,159.99099999992177,202.21885714284144,14.53671168780131,179.60599999991246,227.12199999997392,2581.621999999974
slow_deliberate,150.41024999998626,10.604335890911695,131.5439999999944,166.07099999999627,203.09742857143283,10.42302695075476,185.19999999995343,215.8959999999497,2624.96399999992
slow_deliberate,152.02999999994063,7.822854530178897,139.6809999998659,169.39899999997579,197.37442857150123,21.480933332029117,163.410000000149,221.33300000010058,2597.8610000000335
slow_deliberate,149.4912857142543,5.6141448328816494,145.44599999999627,162.65800000005402,199.468833333347,12.686738199332826,178.95400000014342,210.2269999999553,2243.251999999862
slow_deliberate,148.61785714285048,6.090321770244022,136.99300000001676,157.62800000002608,206.69866666667318,8.942989054149404,194.85599999991246,216.90399999986403,2280.5169999999925
slow_deliberate,146.9655714285826,5.075747203488899,136.0810000000056,152.41200000001118,190.03966666664928,12.67548549581265,176.04100000020117,212.5130000000354,2168.996999999974
slow_deliberate,154.02842857143176,14.677627979414266,140.30200000014156,186.69100000010803,204.79816666668435,11.500788022564516,190.69399999990128,220.60100000002421,2306.9880000001285
slow_deliberate,155.2682857142229,11.45501097730231,142.51399999996647,174.54199999989942,189.8356666667387,15.556905965599947,158.8430000001099,209.11500000022352,2225.8919999999925
slow_deliberate,153.31757142860442,8.367469234307547,138.53000000002794,161.67699999990873,201.05766666665053,18.97498807789393,182.82300000009127,236.25900000007823,2279.569000000134
slow_deliberate,150.62799999995954,7.160682928363569,138.07599999988452,163.85800000000745,189.37916666668994,12.564093433495888,167.13199999998324,206.72500000009313,2190.6709999998566
slow_deliberate,146.37385714283613,9.140816678506553,135.40800000005402,159.55799999996088,207.0185000000056,15.869713363843255,176.2180000001099,224.63300000014715,2266.7279999998864
slow_deliberate,154.7070000000697,8.618368970696348,144.19900000002235,171.6060000001453,191.77233333326876,13.020946172371467,173.464999999851,213.35100000002421,2233.5830000001006
slow_deliberate,152.01999999991884,6.511182644333104,144.58299999986775,162.8139999997802,196.79933333342584,12.416776026419237,177.84199999994598,215.0690000001341,2244.935999999987
slow_deliberate,148.41057142861453,8.73341675662676,133.8190000001341,160.8220000001602,203.69733333327653,13.01886628019252,188.5779999999795,222.83599999989383,2261.057999999961
slow_deliberate,147.36599999992177,13.956812325399463,126.62099999981001,167.1239999998361,200.03383333340753,10.924632647028027,188.38100000005215,219.95400000014342,2231.7649999998976
slow_deliberate,152.592428571345,6.649831745565139,143.22299999999814,162.01299999980256,195.7188333334246,16.428317051393137,169.05999999982305,220.96100000012666,2242.4599999999627
slow_deliberate,149.4749999999601,10.181287821993564,128.09799999999814,161.6679999998305,199.8253333333802,12.533849178225141,177.8200000000652,218.9680000001099,2245.277000000002
slow_deliberate,153.80342857143842,8.466220000817215,142.47600000002421,168.74399999994785,203.86316666662847,18.465455355134058,173.62899999995716,228.11899999994785,2299.80299999984
slow_deliberate,151.9179999999968,6.519367103380367,145.72099999990314,162.69399999990128,201.7416666666977,11.292646643793383,186.56700000003912,216.5910000000149,2273.876000000164
slow_deliberate,151.9307142857329,7.659085915539672,138.50799999991432,164.2600000000093,207.8289999999494,17.4942071554676,187.89899999997579,241.32599999988452,2310.488999999827
slow_deliberate,148.7409999999883,7.328769824669477,137.56499999994412,157.84799999999814,185.5209999999885,20.94198480727602,161.93599999998696,222.41500000003725,2154.312999999849
slow_deliberate,155.78285714282123,9.15351279060007,140.59799999999814,169.37699999986216,200.47483333339915,13.987352363480452,183.2310000001453,224.0480000001844,2293.3290000001434
slow_deliberate,145.60699999997658,14.59220391656644,120.10999999998603,163.2399999999907,203.96383333336175,14.263484957672745,184.798000000068,226.50099999993108,2243.0320000000065
slow_deliberate,144.42787500002305,9.574757130515861,127.84700000006706,160.65999999991618,205.50685714281695,11.7976523624456,188.9529999999795,225.66500000003725,2593.970999999903
slow_deliberate,152.71262499998556,8.268055816488301,143.50399999995716,167.00399999995716,201.74685714287418,9.592430161818013,182.68999999994412,209.54099999996834,2633.9290000000037
slow_deliberate,145.46249999999418,9.2623897024242,130.10299999988638,158.81099999998696,193.55400000000373,16.64116682893672,169.89100000006147,214.5690000001341,2518.5779999999795
slow_deliberate,145.4052500000107,10.111788031205307,134.17599999997765,167.53300000005402,206.61871428571507,20.9146139454875,176.6350000000093,231.14799999981187,2609.5730000000913
slow_deliberate,153.9623750000028,8.830586701076092,139.625,169.910000000149,209.7042857142764,12.644287809354317,185.37099999981,225.7060000000056,2699.628999999957
slow_deliberate,152.77249999996275,9.754892195712465,139.52899999986403,169.4079999998212,207.4804285714802,16.902636386532773,187.54200000013225,229.9869999999646,2674.5430000000633
slow_deliberate,150.6397500000603,12.435546949629888,128.75500000012107,166.86800000001676,207.0044285713562,14.299158715161381,182.91399999987334,232.07600000011735,2654.148999999976
slow_deliberate,149.355750000017,15.716036473503454,118.39100000006147,170.5779999999795,200.83757142855652,12.09835347543593,185.30400000000373,224.9660000000149,2600.7090000000317
slow_deliberate,149.91224999999395,7.005259590942932,134.43500000005588,157.49099999992177,205.44442857143335,14.371120344660397,187.0089999998454,228.0230000000447,2637.408999999985
slow_deliberate,152.19587499997579,8.069728131083114,142.2489999998361,163.54799999995157,204.6097142857699,13.879296129870434,188.46699999994598,224.68500000005588,2649.8350000001956
slow_deliberate,146.09112499999173,8.711839651271902,132.08299999998417,156.55300000007264,205.96500000000066,15.670261006135744,173.42599999997765,225.7280000000028,2610.4839999999385
slow_deliberate,147.83312500003376,11.660956805082769,128.74699999997392,169.07900000014342,194.87314285710454,7.709199688488037,187.14099999982864,211.5109999999404,2546.777000000002
slow_deliberate,149.44087500000023,12.082042360868726,135.1940000001341,171.69900000002235,197.31514285714366,12.054629240392003,178.7719999998808,218.95100000011735,2576.7330000000075
slow_deliberate,153.31074999994598,9.215776510322407,141.2249999998603,166.67800000007264,208.05400000003698,10.948233229916228,192.1820000000298,224.1799999999348,2682.863999999827
slow_deliberate,145.5716249999532,10.900400427720077,124.52899999986403,158.79599999985658,194.5304285714935,14.412430655071935,173.4450000000652,214.2290000000503,2526.28600000008
slow_deliberate,148.33050000004005,7.185038830785394,138.89500000001863,159.22600000002421,206.25414285712344,13.11829479807,183.9220000000205,224.38000000012107,2630.4230000001844
slow_deliberate,156.3153750000347,8.108275262601286,142.8070000000298,169.17800000007264,204.92685714280898,16.558338412403046,188.75799999991432,243.18999999994412,2685.0109999999404
slow_deliberate,152.3841249999823,6.303512680155389,145.54300000006333,161.75799999991432,201.86914285714738,12.05790300923531,188.40100000007078,227.15700000012293,2632.15699999989
slow_deliberate,153.4567500000121,12.93077654041969,125.77399999997579,169.12000000011176,194.73699999999786,16.01146903229469,174.39100000006147,218.41200000001118,2590.813000000082
slow_deliberate,149.70700000005309,13.138783391152334,129.59600000013597,178.56099999998696,209.9228571427853,13.796717274449819,177.56899999990128,222.95099999988452,2667.1159999999218
